{
    "inflation_factor": 1.2500000000000002,
    "coverage_levels": [
        0.8,
        0.9,
        0.95
    ],
    "quantiles": {
        "0.8": 17.66695022583008,
        "0.9": 25.193576812744144,
        "0.95": 32.750682830810554
    },
    "n_calibration": 3146,
    "cal_mean_error": 8.927667617797852,
    "empirical_coverage": {
        "0.80": 0.81,
        "0.90": 0.92,
        "0.95": 0.95
    }
}